experiment_id,family,role,condition,seed,dataset,dataset_split,model_or_method,executor,device,runtime_sec,status,evidence_path,controller_python,platform
s000-proposer-clean,seeded_fault,proposer,clean,0,synthetic_linear,full,canonical_OLS_or_fault_variant,awk,CPU,0.0034337820000018,SUCCEEDED,runs/seeded_faults/seed_000/proposer_clean,3.13.5,Linux-6.18.35-x86_64-with-glibc2.41
s000-rep-clean,seeded_fault,replicator,clean,0,synthetic_linear,full,canonical_OLS_or_fault_variant,awk,CPU,0.0027919039998778,SUCCEEDED,runs/seeded_faults/seed_000/replicator_clean,3.13.5,Linux-6.18.35-x86_64-with-glibc2.41
s000-rep-data_mismatch,seeded_fault,replicator,data_mismatch,0,synthetic_linear,full,canonical_OLS_or_fault_variant,awk,CPU,0.0052411100000426,SUCCEEDED,runs/seeded_faults/seed_000/replicator_data_mismatch,3.13.5,Linux-6.18.35-x86_64-with-glibc2.41
s000-rep-metric_mismatch,seeded_fault,replicator,metric_mismatch,0,synthetic_linear,full,canonical_OLS_or_fault_variant,awk,CPU,0.0026681159999952,SUCCEEDED,runs/seeded_faults/seed_000/replicator_metric_mismatch,3.13.5,Linux-6.18.35-x86_64-with-glibc2.41
s000-rep-implementation_mismatch,seeded_fault,replicator,implementation_mismatch,0,synthetic_linear,full,canonical_OLS_or_fault_variant,awk,CPU,0.0037185020000833,SUCCEEDED,runs/seeded_faults/seed_000/replicator_implementation_mismatch,3.13.5,Linux-6.18.35-x86_64-with-glibc2.41
s000-rep-environment_mismatch,seeded_fault,replicator,environment_mismatch,0,synthetic_linear,full,canonical_OLS_or_fault_variant,awk,CPU,0.0025859630000013,SUCCEEDED,runs/seeded_faults/seed_000/replicator_environment_mismatch,3.13.5,Linux-6.18.35-x86_64-with-glibc2.41
s000-rep-protocol_ambiguous,seeded_fault,replicator,protocol_ambiguous,0,synthetic_linear,full,canonical_OLS_or_fault_variant,awk,CPU,0.0024236579999978,SUCCEEDED,runs/seeded_faults/seed_000/replicator_protocol_ambiguous,3.13.5,Linux-6.18.35-x86_64-with-glibc2.41
s000-rep-hidden_contamination,seeded_fault,replicator,hidden_contamination,0,synthetic_linear,full,canonical_OLS_or_fault_variant,awk,CPU,0.0024797720000151,SUCCEEDED,runs/seeded_faults/seed_000/replicator_hidden_contamination,3.13.5,Linux-6.18.35-x86_64-with-glibc2.41
s000-proposer-shared,seeded_fault,proposer,shared_bug,0,synthetic_linear,full,canonical_OLS_or_fault_variant,awk,CPU,0.0029751899999155,SUCCEEDED,runs/seeded_faults/seed_000/proposer_shared_bug,3.13.5,Linux-6.18.35-x86_64-with-glibc2.41
s000-rep-shared_bug,seeded_fault,replicator,shared_bug,0,synthetic_linear,full,canonical_OLS_or_fault_variant,awk,CPU,0.002459010999928,SUCCEEDED,runs/seeded_faults/seed_000/replicator_shared_bug,3.13.5,Linux-6.18.35-x86_64-with-glibc2.41
s001-proposer-clean,seeded_fault,proposer,clean,1,synthetic_linear,full,canonical_OLS_or_fault_variant,awk,CPU,0.0024141529997905,SUCCEEDED,runs/seeded_faults/seed_001/proposer_clean,3.13.5,Linux-6.18.35-x86_64-with-glibc2.41
s001-rep-clean,seeded_fault,replicator,clean,1,synthetic_linear,full,canonical_OLS_or_fault_variant,awk,CPU,0.0024495369998476,SUCCEEDED,runs/seeded_faults/seed_001/replicator_clean,3.13.5,Linux-6.18.35-x86_64-with-glibc2.41
s001-rep-data_mismatch,seeded_fault,replicator,data_mismatch,1,synthetic_linear,full,canonical_OLS_or_fault_variant,awk,CPU,0.004932632999953,SUCCEEDED,runs/seeded_faults/seed_001/replicator_data_mismatch,3.13.5,Linux-6.18.35-x86_64-with-glibc2.41
s001-rep-metric_mismatch,seeded_fault,replicator,metric_mismatch,1,synthetic_linear,full,canonical_OLS_or_fault_variant,awk,CPU,0.0023786589999872,SUCCEEDED,runs/seeded_faults/seed_001/replicator_metric_mismatch,3.13.5,Linux-6.18.35-x86_64-with-glibc2.41
s001-rep-implementation_mismatch,seeded_fault,replicator,implementation_mismatch,1,synthetic_linear,full,canonical_OLS_or_fault_variant,awk,CPU,0.0033185080001203,SUCCEEDED,runs/seeded_faults/seed_001/replicator_implementation_mismatch,3.13.5,Linux-6.18.35-x86_64-with-glibc2.41
s001-rep-environment_mismatch,seeded_fault,replicator,environment_mismatch,1,synthetic_linear,full,canonical_OLS_or_fault_variant,awk,CPU,0.0026039699998818,SUCCEEDED,runs/seeded_faults/seed_001/replicator_environment_mismatch,3.13.5,Linux-6.18.35-x86_64-with-glibc2.41
s001-rep-protocol_ambiguous,seeded_fault,replicator,protocol_ambiguous,1,synthetic_linear,full,canonical_OLS_or_fault_variant,awk,CPU,0.002632763000065,SUCCEEDED,runs/seeded_faults/seed_001/replicator_protocol_ambiguous,3.13.5,Linux-6.18.35-x86_64-with-glibc2.41
s001-rep-hidden_contamination,seeded_fault,replicator,hidden_contamination,1,synthetic_linear,full,canonical_OLS_or_fault_variant,awk,CPU,0.0027093490000424,SUCCEEDED,runs/seeded_faults/seed_001/replicator_hidden_contamination,3.13.5,Linux-6.18.35-x86_64-with-glibc2.41
s001-proposer-shared,seeded_fault,proposer,shared_bug,1,synthetic_linear,full,canonical_OLS_or_fault_variant,awk,CPU,0.0026988640001945,SUCCEEDED,runs/seeded_faults/seed_001/proposer_shared_bug,3.13.5,Linux-6.18.35-x86_64-with-glibc2.41
s001-rep-shared_bug,seeded_fault,replicator,shared_bug,1,synthetic_linear,full,canonical_OLS_or_fault_variant,awk,CPU,0.0025635580000198,SUCCEEDED,runs/seeded_faults/seed_001/replicator_shared_bug,3.13.5,Linux-6.18.35-x86_64-with-glibc2.41
s002-proposer-clean,seeded_fault,proposer,clean,2,synthetic_linear,full,canonical_OLS_or_fault_variant,awk,CPU,0.0038396850000026,SUCCEEDED,runs/seeded_faults/seed_002/proposer_clean,3.13.5,Linux-6.18.35-x86_64-with-glibc2.41
s002-rep-clean,seeded_fault,replicator,clean,2,synthetic_linear,full,canonical_OLS_or_fault_variant,awk,CPU,0.0025479659998381,SUCCEEDED,runs/seeded_faults/seed_002/replicator_clean,3.13.5,Linux-6.18.35-x86_64-with-glibc2.41
s002-rep-data_mismatch,seeded_fault,replicator,data_mismatch,2,synthetic_linear,full,canonical_OLS_or_fault_variant,awk,CPU,0.0067443880000155,SUCCEEDED,runs/seeded_faults/seed_002/replicator_data_mismatch,3.13.5,Linux-6.18.35-x86_64-with-glibc2.41
s002-rep-metric_mismatch,seeded_fault,replicator,metric_mismatch,2,synthetic_linear,full,canonical_OLS_or_fault_variant,awk,CPU,0.0025718009999309,SUCCEEDED,runs/seeded_faults/seed_002/replicator_metric_mismatch,3.13.5,Linux-6.18.35-x86_64-with-glibc2.41
s002-rep-implementation_mismatch,seeded_fault,replicator,implementation_mismatch,2,synthetic_linear,full,canonical_OLS_or_fault_variant,awk,CPU,0.0026651419998415,SUCCEEDED,runs/seeded_faults/seed_002/replicator_implementation_mismatch,3.13.5,Linux-6.18.35-x86_64-with-glibc2.41
s002-rep-environment_mismatch,seeded_fault,replicator,environment_mismatch,2,synthetic_linear,full,canonical_OLS_or_fault_variant,awk,CPU,0.0035061419998783,SUCCEEDED,runs/seeded_faults/seed_002/replicator_environment_mismatch,3.13.5,Linux-6.18.35-x86_64-with-glibc2.41
s002-rep-protocol_ambiguous,seeded_fault,replicator,protocol_ambiguous,2,synthetic_linear,full,canonical_OLS_or_fault_variant,awk,CPU,0.002664932000016,SUCCEEDED,runs/seeded_faults/seed_002/replicator_protocol_ambiguous,3.13.5,Linux-6.18.35-x86_64-with-glibc2.41
s002-rep-hidden_contamination,seeded_fault,replicator,hidden_contamination,2,synthetic_linear,full,canonical_OLS_or_fault_variant,awk,CPU,0.0027333549999184,SUCCEEDED,runs/seeded_faults/seed_002/replicator_hidden_contamination,3.13.5,Linux-6.18.35-x86_64-with-glibc2.41
s002-proposer-shared,seeded_fault,proposer,shared_bug,2,synthetic_linear,full,canonical_OLS_or_fault_variant,awk,CPU,0.0034582579999096,SUCCEEDED,runs/seeded_faults/seed_002/proposer_shared_bug,3.13.5,Linux-6.18.35-x86_64-with-glibc2.41
s002-rep-shared_bug,seeded_fault,replicator,shared_bug,2,synthetic_linear,full,canonical_OLS_or_fault_variant,awk,CPU,0.0029761309999685,SUCCEEDED,runs/seeded_faults/seed_002/replicator_shared_bug,3.13.5,Linux-6.18.35-x86_64-with-glibc2.41
s003-proposer-clean,seeded_fault,proposer,clean,3,synthetic_linear,full,canonical_OLS_or_fault_variant,awk,CPU,0.002691082000183,SUCCEEDED,runs/seeded_faults/seed_003/proposer_clean,3.13.5,Linux-6.18.35-x86_64-with-glibc2.41
s003-rep-clean,seeded_fault,replicator,clean,3,synthetic_linear,full,canonical_OLS_or_fault_variant,awk,CPU,0.0025888069999382,SUCCEEDED,runs/seeded_faults/seed_003/replicator_clean,3.13.5,Linux-6.18.35-x86_64-with-glibc2.41
s003-rep-data_mismatch,seeded_fault,replicator,data_mismatch,3,synthetic_linear,full,canonical_OLS_or_fault_variant,awk,CPU,0.0050775120000707,SUCCEEDED,runs/seeded_faults/seed_003/replicator_data_mismatch,3.13.5,Linux-6.18.35-x86_64-with-glibc2.41
s003-rep-metric_mismatch,seeded_fault,replicator,metric_mismatch,3,synthetic_linear,full,canonical_OLS_or_fault_variant,awk,CPU,0.0025388720000592,SUCCEEDED,runs/seeded_faults/seed_003/replicator_metric_mismatch,3.13.5,Linux-6.18.35-x86_64-with-glibc2.41
s003-rep-implementation_mismatch,seeded_fault,replicator,implementation_mismatch,3,synthetic_linear,full,canonical_OLS_or_fault_variant,awk,CPU,0.0045799320000696,SUCCEEDED,runs/seeded_faults/seed_003/replicator_implementation_mismatch,3.13.5,Linux-6.18.35-x86_64-with-glibc2.41
s003-rep-environment_mismatch,seeded_fault,replicator,environment_mismatch,3,synthetic_linear,full,canonical_OLS_or_fault_variant,awk,CPU,0.0041468479998911,SUCCEEDED,runs/seeded_faults/seed_003/replicator_environment_mismatch,3.13.5,Linux-6.18.35-x86_64-with-glibc2.41
s003-rep-protocol_ambiguous,seeded_fault,replicator,protocol_ambiguous,3,synthetic_linear,full,canonical_OLS_or_fault_variant,awk,CPU,0.0032716170001094,SUCCEEDED,runs/seeded_faults/seed_003/replicator_protocol_ambiguous,3.13.5,Linux-6.18.35-x86_64-with-glibc2.41
s003-rep-hidden_contamination,seeded_fault,replicator,hidden_contamination,3,synthetic_linear,full,canonical_OLS_or_fault_variant,awk,CPU,0.0035936140000103,SUCCEEDED,runs/seeded_faults/seed_003/replicator_hidden_contamination,3.13.5,Linux-6.18.35-x86_64-with-glibc2.41
s003-proposer-shared,seeded_fault,proposer,shared_bug,3,synthetic_linear,full,canonical_OLS_or_fault_variant,awk,CPU,0.00493269399999,SUCCEEDED,runs/seeded_faults/seed_003/proposer_shared_bug,3.13.5,Linux-6.18.35-x86_64-with-glibc2.41
s003-rep-shared_bug,seeded_fault,replicator,shared_bug,3,synthetic_linear,full,canonical_OLS_or_fault_variant,awk,CPU,0.0044036060000962,SUCCEEDED,runs/seeded_faults/seed_003/replicator_shared_bug,3.13.5,Linux-6.18.35-x86_64-with-glibc2.41
s004-proposer-clean,seeded_fault,proposer,clean,4,synthetic_linear,full,canonical_OLS_or_fault_variant,awk,CPU,0.004050381999832,SUCCEEDED,runs/seeded_faults/seed_004/proposer_clean,3.13.5,Linux-6.18.35-x86_64-with-glibc2.41
s004-rep-clean,seeded_fault,replicator,clean,4,synthetic_linear,full,canonical_OLS_or_fault_variant,awk,CPU,0.0042340600000443,SUCCEEDED,runs/seeded_faults/seed_004/replicator_clean,3.13.5,Linux-6.18.35-x86_64-with-glibc2.41
s004-rep-data_mismatch,seeded_fault,replicator,data_mismatch,4,synthetic_linear,full,canonical_OLS_or_fault_variant,awk,CPU,0.0069538239999928,SUCCEEDED,runs/seeded_faults/seed_004/replicator_data_mismatch,3.13.5,Linux-6.18.35-x86_64-with-glibc2.41
s004-rep-metric_mismatch,seeded_fault,replicator,metric_mismatch,4,synthetic_linear,full,canonical_OLS_or_fault_variant,awk,CPU,0.0045877239999754,SUCCEEDED,runs/seeded_faults/seed_004/replicator_metric_mismatch,3.13.5,Linux-6.18.35-x86_64-with-glibc2.41
s004-rep-implementation_mismatch,seeded_fault,replicator,implementation_mismatch,4,synthetic_linear,full,canonical_OLS_or_fault_variant,awk,CPU,0.007454288999952,SUCCEEDED,runs/seeded_faults/seed_004/replicator_implementation_mismatch,3.13.5,Linux-6.18.35-x86_64-with-glibc2.41
s004-rep-environment_mismatch,seeded_fault,replicator,environment_mismatch,4,synthetic_linear,full,canonical_OLS_or_fault_variant,awk,CPU,0.004877419999957,SUCCEEDED,runs/seeded_faults/seed_004/replicator_environment_mismatch,3.13.5,Linux-6.18.35-x86_64-with-glibc2.41
s004-rep-protocol_ambiguous,seeded_fault,replicator,protocol_ambiguous,4,synthetic_linear,full,canonical_OLS_or_fault_variant,awk,CPU,0.0041277990001162,SUCCEEDED,runs/seeded_faults/seed_004/replicator_protocol_ambiguous,3.13.5,Linux-6.18.35-x86_64-with-glibc2.41
s004-rep-hidden_contamination,seeded_fault,replicator,hidden_contamination,4,synthetic_linear,full,canonical_OLS_or_fault_variant,awk,CPU,0.0030419409999922,SUCCEEDED,runs/seeded_faults/seed_004/replicator_hidden_contamination,3.13.5,Linux-6.18.35-x86_64-with-glibc2.41
s004-proposer-shared,seeded_fault,proposer,shared_bug,4,synthetic_linear,full,canonical_OLS_or_fault_variant,awk,CPU,0.0031867699999565,SUCCEEDED,runs/seeded_faults/seed_004/proposer_shared_bug,3.13.5,Linux-6.18.35-x86_64-with-glibc2.41
s004-rep-shared_bug,seeded_fault,replicator,shared_bug,4,synthetic_linear,full,canonical_OLS_or_fault_variant,awk,CPU,0.0031397989998822,SUCCEEDED,runs/seeded_faults/seed_004/replicator_shared_bug,3.13.5,Linux-6.18.35-x86_64-with-glibc2.41
s005-proposer-clean,seeded_fault,proposer,clean,5,synthetic_linear,full,canonical_OLS_or_fault_variant,awk,CPU,0.002913086000035,SUCCEEDED,runs/seeded_faults/seed_005/proposer_clean,3.13.5,Linux-6.18.35-x86_64-with-glibc2.41
s005-rep-clean,seeded_fault,replicator,clean,5,synthetic_linear,full,canonical_OLS_or_fault_variant,awk,CPU,0.0026995030000307,SUCCEEDED,runs/seeded_faults/seed_005/replicator_clean,3.13.5,Linux-6.18.35-x86_64-with-glibc2.41
s005-rep-data_mismatch,seeded_fault,replicator,data_mismatch,5,synthetic_linear,full,canonical_OLS_or_fault_variant,awk,CPU,0.0051375640000514,SUCCEEDED,runs/seeded_faults/seed_005/replicator_data_mismatch,3.13.5,Linux-6.18.35-x86_64-with-glibc2.41
s005-rep-metric_mismatch,seeded_fault,replicator,metric_mismatch,5,synthetic_linear,full,canonical_OLS_or_fault_variant,awk,CPU,0.0043236839999281,SUCCEEDED,runs/seeded_faults/seed_005/replicator_metric_mismatch,3.13.5,Linux-6.18.35-x86_64-with-glibc2.41
s005-rep-implementation_mismatch,seeded_fault,replicator,implementation_mismatch,5,synthetic_linear,full,canonical_OLS_or_fault_variant,awk,CPU,0.0032911970001805,SUCCEEDED,runs/seeded_faults/seed_005/replicator_implementation_mismatch,3.13.5,Linux-6.18.35-x86_64-with-glibc2.41
s005-rep-environment_mismatch,seeded_fault,replicator,environment_mismatch,5,synthetic_linear,full,canonical_OLS_or_fault_variant,awk,CPU,0.0028732560001571,SUCCEEDED,runs/seeded_faults/seed_005/replicator_environment_mismatch,3.13.5,Linux-6.18.35-x86_64-with-glibc2.41
s005-rep-protocol_ambiguous,seeded_fault,replicator,protocol_ambiguous,5,synthetic_linear,full,canonical_OLS_or_fault_variant,awk,CPU,0.0050641069999528,SUCCEEDED,runs/seeded_faults/seed_005/replicator_protocol_ambiguous,3.13.5,Linux-6.18.35-x86_64-with-glibc2.41
s005-rep-hidden_contamination,seeded_fault,replicator,hidden_contamination,5,synthetic_linear,full,canonical_OLS_or_fault_variant,awk,CPU,0.0037068890001137,SUCCEEDED,runs/seeded_faults/seed_005/replicator_hidden_contamination,3.13.5,Linux-6.18.35-x86_64-with-glibc2.41
s005-proposer-shared,seeded_fault,proposer,shared_bug,5,synthetic_linear,full,canonical_OLS_or_fault_variant,awk,CPU,0.0048890579998897,SUCCEEDED,runs/seeded_faults/seed_005/proposer_shared_bug,3.13.5,Linux-6.18.35-x86_64-with-glibc2.41
s005-rep-shared_bug,seeded_fault,replicator,shared_bug,5,synthetic_linear,full,canonical_OLS_or_fault_variant,awk,CPU,0.0034989800001312,SUCCEEDED,runs/seeded_faults/seed_005/replicator_shared_bug,3.13.5,Linux-6.18.35-x86_64-with-glibc2.41
s006-proposer-clean,seeded_fault,proposer,clean,6,synthetic_linear,full,canonical_OLS_or_fault_variant,awk,CPU,0.0054017620000195,SUCCEEDED,runs/seeded_faults/seed_006/proposer_clean,3.13.5,Linux-6.18.35-x86_64-with-glibc2.41
s006-rep-clean,seeded_fault,replicator,clean,6,synthetic_linear,full,canonical_OLS_or_fault_variant,awk,CPU,0.0034738530000595,SUCCEEDED,runs/seeded_faults/seed_006/replicator_clean,3.13.5,Linux-6.18.35-x86_64-with-glibc2.41
s006-rep-data_mismatch,seeded_fault,replicator,data_mismatch,6,synthetic_linear,full,canonical_OLS_or_fault_variant,awk,CPU,0.0084953909999967,SUCCEEDED,runs/seeded_faults/seed_006/replicator_data_mismatch,3.13.5,Linux-6.18.35-x86_64-with-glibc2.41
s006-rep-metric_mismatch,seeded_fault,replicator,metric_mismatch,6,synthetic_linear,full,canonical_OLS_or_fault_variant,awk,CPU,0.0033658299998933,SUCCEEDED,runs/seeded_faults/seed_006/replicator_metric_mismatch,3.13.5,Linux-6.18.35-x86_64-with-glibc2.41
s006-rep-implementation_mismatch,seeded_fault,replicator,implementation_mismatch,6,synthetic_linear,full,canonical_OLS_or_fault_variant,awk,CPU,0.0038677480001751,SUCCEEDED,runs/seeded_faults/seed_006/replicator_implementation_mismatch,3.13.5,Linux-6.18.35-x86_64-with-glibc2.41
s006-rep-environment_mismatch,seeded_fault,replicator,environment_mismatch,6,synthetic_linear,full,canonical_OLS_or_fault_variant,awk,CPU,0.003449276000083,SUCCEEDED,runs/seeded_faults/seed_006/replicator_environment_mismatch,3.13.5,Linux-6.18.35-x86_64-with-glibc2.41
s006-rep-protocol_ambiguous,seeded_fault,replicator,protocol_ambiguous,6,synthetic_linear,full,canonical_OLS_or_fault_variant,awk,CPU,0.0054143959998782,SUCCEEDED,runs/seeded_faults/seed_006/replicator_protocol_ambiguous,3.13.5,Linux-6.18.35-x86_64-with-glibc2.41
s006-rep-hidden_contamination,seeded_fault,replicator,hidden_contamination,6,synthetic_linear,full,canonical_OLS_or_fault_variant,awk,CPU,0.0034439879998444,SUCCEEDED,runs/seeded_faults/seed_006/replicator_hidden_contamination,3.13.5,Linux-6.18.35-x86_64-with-glibc2.41
s006-proposer-shared,seeded_fault,proposer,shared_bug,6,synthetic_linear,full,canonical_OLS_or_fault_variant,awk,CPU,0.003212688000076,SUCCEEDED,runs/seeded_faults/seed_006/proposer_shared_bug,3.13.5,Linux-6.18.35-x86_64-with-glibc2.41
s006-rep-shared_bug,seeded_fault,replicator,shared_bug,6,synthetic_linear,full,canonical_OLS_or_fault_variant,awk,CPU,0.0031805300000087,SUCCEEDED,runs/seeded_faults/seed_006/replicator_shared_bug,3.13.5,Linux-6.18.35-x86_64-with-glibc2.41
s007-proposer-clean,seeded_fault,proposer,clean,7,synthetic_linear,full,canonical_OLS_or_fault_variant,awk,CPU,0.0035461019999729,SUCCEEDED,runs/seeded_faults/seed_007/proposer_clean,3.13.5,Linux-6.18.35-x86_64-with-glibc2.41
s007-rep-clean,seeded_fault,replicator,clean,7,synthetic_linear,full,canonical_OLS_or_fault_variant,awk,CPU,0.0029482690001714,SUCCEEDED,runs/seeded_faults/seed_007/replicator_clean,3.13.5,Linux-6.18.35-x86_64-with-glibc2.41
s007-rep-data_mismatch,seeded_fault,replicator,data_mismatch,7,synthetic_linear,full,canonical_OLS_or_fault_variant,awk,CPU,0.0059399950000624,SUCCEEDED,runs/seeded_faults/seed_007/replicator_data_mismatch,3.13.5,Linux-6.18.35-x86_64-with-glibc2.41
s007-rep-metric_mismatch,seeded_fault,replicator,metric_mismatch,7,synthetic_linear,full,canonical_OLS_or_fault_variant,awk,CPU,0.0050744579998536,SUCCEEDED,runs/seeded_faults/seed_007/replicator_metric_mismatch,3.13.5,Linux-6.18.35-x86_64-with-glibc2.41
s007-rep-implementation_mismatch,seeded_fault,replicator,implementation_mismatch,7,synthetic_linear,full,canonical_OLS_or_fault_variant,awk,CPU,0.0038560290001896,SUCCEEDED,runs/seeded_faults/seed_007/replicator_implementation_mismatch,3.13.5,Linux-6.18.35-x86_64-with-glibc2.41
s007-rep-environment_mismatch,seeded_fault,replicator,environment_mismatch,7,synthetic_linear,full,canonical_OLS_or_fault_variant,awk,CPU,0.0032387279998147,SUCCEEDED,runs/seeded_faults/seed_007/replicator_environment_mismatch,3.13.5,Linux-6.18.35-x86_64-with-glibc2.41
s007-rep-protocol_ambiguous,seeded_fault,replicator,protocol_ambiguous,7,synthetic_linear,full,canonical_OLS_or_fault_variant,awk,CPU,0.003148511000063,SUCCEEDED,runs/seeded_faults/seed_007/replicator_protocol_ambiguous,3.13.5,Linux-6.18.35-x86_64-with-glibc2.41
s007-rep-hidden_contamination,seeded_fault,replicator,hidden_contamination,7,synthetic_linear,full,canonical_OLS_or_fault_variant,awk,CPU,0.0041532870000082,SUCCEEDED,runs/seeded_faults/seed_007/replicator_hidden_contamination,3.13.5,Linux-6.18.35-x86_64-with-glibc2.41
s007-proposer-shared,seeded_fault,proposer,shared_bug,7,synthetic_linear,full,canonical_OLS_or_fault_variant,awk,CPU,0.0033403509999061,SUCCEEDED,runs/seeded_faults/seed_007/proposer_shared_bug,3.13.5,Linux-6.18.35-x86_64-with-glibc2.41
s007-rep-shared_bug,seeded_fault,replicator,shared_bug,7,synthetic_linear,full,canonical_OLS_or_fault_variant,awk,CPU,0.0032287330000144,SUCCEEDED,runs/seeded_faults/seed_007/replicator_shared_bug,3.13.5,Linux-6.18.35-x86_64-with-glibc2.41
s008-proposer-clean,seeded_fault,proposer,clean,8,synthetic_linear,full,canonical_OLS_or_fault_variant,awk,CPU,0.005252627000118,SUCCEEDED,runs/seeded_faults/seed_008/proposer_clean,3.13.5,Linux-6.18.35-x86_64-with-glibc2.41
s008-rep-clean,seeded_fault,replicator,clean,8,synthetic_linear,full,canonical_OLS_or_fault_variant,awk,CPU,0.0041782949999742,SUCCEEDED,runs/seeded_faults/seed_008/replicator_clean,3.13.5,Linux-6.18.35-x86_64-with-glibc2.41
s008-rep-data_mismatch,seeded_fault,replicator,data_mismatch,8,synthetic_linear,full,canonical_OLS_or_fault_variant,awk,CPU,0.008380137000131,SUCCEEDED,runs/seeded_faults/seed_008/replicator_data_mismatch,3.13.5,Linux-6.18.35-x86_64-with-glibc2.41
s008-rep-metric_mismatch,seeded_fault,replicator,metric_mismatch,8,synthetic_linear,full,canonical_OLS_or_fault_variant,awk,CPU,0.0033362149999902,SUCCEEDED,runs/seeded_faults/seed_008/replicator_metric_mismatch,3.13.5,Linux-6.18.35-x86_64-with-glibc2.41
s008-rep-implementation_mismatch,seeded_fault,replicator,implementation_mismatch,8,synthetic_linear,full,canonical_OLS_or_fault_variant,awk,CPU,0.0036306389999936,SUCCEEDED,runs/seeded_faults/seed_008/replicator_implementation_mismatch,3.13.5,Linux-6.18.35-x86_64-with-glibc2.41
s008-rep-environment_mismatch,seeded_fault,replicator,environment_mismatch,8,synthetic_linear,full,canonical_OLS_or_fault_variant,awk,CPU,0.0033762450000267,SUCCEEDED,runs/seeded_faults/seed_008/replicator_environment_mismatch,3.13.5,Linux-6.18.35-x86_64-with-glibc2.41
s008-rep-protocol_ambiguous,seeded_fault,replicator,protocol_ambiguous,8,synthetic_linear,full,canonical_OLS_or_fault_variant,awk,CPU,0.003049072000067,SUCCEEDED,runs/seeded_faults/seed_008/replicator_protocol_ambiguous,3.13.5,Linux-6.18.35-x86_64-with-glibc2.41
s008-rep-hidden_contamination,seeded_fault,replicator,hidden_contamination,8,synthetic_linear,full,canonical_OLS_or_fault_variant,awk,CPU,0.0028524539998215,SUCCEEDED,runs/seeded_faults/seed_008/replicator_hidden_contamination,3.13.5,Linux-6.18.35-x86_64-with-glibc2.41
s008-proposer-shared,seeded_fault,proposer,shared_bug,8,synthetic_linear,full,canonical_OLS_or_fault_variant,awk,CPU,0.0035470430000259,SUCCEEDED,runs/seeded_faults/seed_008/proposer_shared_bug,3.13.5,Linux-6.18.35-x86_64-with-glibc2.41
s008-rep-shared_bug,seeded_fault,replicator,shared_bug,8,synthetic_linear,full,canonical_OLS_or_fault_variant,awk,CPU,0.0029953109999496,SUCCEEDED,runs/seeded_faults/seed_008/replicator_shared_bug,3.13.5,Linux-6.18.35-x86_64-with-glibc2.41
s009-proposer-clean,seeded_fault,proposer,clean,9,synthetic_linear,full,canonical_OLS_or_fault_variant,awk,CPU,0.003181209999866,SUCCEEDED,runs/seeded_faults/seed_009/proposer_clean,3.13.5,Linux-6.18.35-x86_64-with-glibc2.41
s009-rep-clean,seeded_fault,replicator,clean,9,synthetic_linear,full,canonical_OLS_or_fault_variant,awk,CPU,0.0029913549999491,SUCCEEDED,runs/seeded_faults/seed_009/replicator_clean,3.13.5,Linux-6.18.35-x86_64-with-glibc2.41
s009-rep-data_mismatch,seeded_fault,replicator,data_mismatch,9,synthetic_linear,full,canonical_OLS_or_fault_variant,awk,CPU,0.00689466599988,SUCCEEDED,runs/seeded_faults/seed_009/replicator_data_mismatch,3.13.5,Linux-6.18.35-x86_64-with-glibc2.41
s009-rep-metric_mismatch,seeded_fault,replicator,metric_mismatch,9,synthetic_linear,full,canonical_OLS_or_fault_variant,awk,CPU,0.0029444629999488,SUCCEEDED,runs/seeded_faults/seed_009/replicator_metric_mismatch,3.13.5,Linux-6.18.35-x86_64-with-glibc2.41
s009-rep-implementation_mismatch,seeded_fault,replicator,implementation_mismatch,9,synthetic_linear,full,canonical_OLS_or_fault_variant,awk,CPU,0.0037214460000996,SUCCEEDED,runs/seeded_faults/seed_009/replicator_implementation_mismatch,3.13.5,Linux-6.18.35-x86_64-with-glibc2.41
s009-rep-environment_mismatch,seeded_fault,replicator,environment_mismatch,9,synthetic_linear,full,canonical_OLS_or_fault_variant,awk,CPU,0.0051821110000673,SUCCEEDED,runs/seeded_faults/seed_009/replicator_environment_mismatch,3.13.5,Linux-6.18.35-x86_64-with-glibc2.41
s009-rep-protocol_ambiguous,seeded_fault,replicator,protocol_ambiguous,9,synthetic_linear,full,canonical_OLS_or_fault_variant,awk,CPU,0.0029320850001113,SUCCEEDED,runs/seeded_faults/seed_009/replicator_protocol_ambiguous,3.13.5,Linux-6.18.35-x86_64-with-glibc2.41
s009-rep-hidden_contamination,seeded_fault,replicator,hidden_contamination,9,synthetic_linear,full,canonical_OLS_or_fault_variant,awk,CPU,0.0028163700001186,SUCCEEDED,runs/seeded_faults/seed_009/replicator_hidden_contamination,3.13.5,Linux-6.18.35-x86_64-with-glibc2.41
s009-proposer-shared,seeded_fault,proposer,shared_bug,9,synthetic_linear,full,canonical_OLS_or_fault_variant,awk,CPU,0.0031310250001297,SUCCEEDED,runs/seeded_faults/seed_009/proposer_shared_bug,3.13.5,Linux-6.18.35-x86_64-with-glibc2.41
s009-rep-shared_bug,seeded_fault,replicator,shared_bug,9,synthetic_linear,full,canonical_OLS_or_fault_variant,awk,CPU,0.0029110729999501,SUCCEEDED,runs/seeded_faults/seed_009/replicator_shared_bug,3.13.5,Linux-6.18.35-x86_64-with-glibc2.41
s010-proposer-clean,seeded_fault,proposer,clean,10,synthetic_linear,full,canonical_OLS_or_fault_variant,awk,CPU,0.0035357860001568,SUCCEEDED,runs/seeded_faults/seed_010/proposer_clean,3.13.5,Linux-6.18.35-x86_64-with-glibc2.41
s010-rep-clean,seeded_fault,replicator,clean,10,synthetic_linear,full,canonical_OLS_or_fault_variant,awk,CPU,0.0030751710000913,SUCCEEDED,runs/seeded_faults/seed_010/replicator_clean,3.13.5,Linux-6.18.35-x86_64-with-glibc2.41
s010-rep-data_mismatch,seeded_fault,replicator,data_mismatch,10,synthetic_linear,full,canonical_OLS_or_fault_variant,awk,CPU,0.0073169920001419,SUCCEEDED,runs/seeded_faults/seed_010/replicator_data_mismatch,3.13.5,Linux-6.18.35-x86_64-with-glibc2.41
s010-rep-metric_mismatch,seeded_fault,replicator,metric_mismatch,10,synthetic_linear,full,canonical_OLS_or_fault_variant,awk,CPU,0.0039650040000651,SUCCEEDED,runs/seeded_faults/seed_010/replicator_metric_mismatch,3.13.5,Linux-6.18.35-x86_64-with-glibc2.41
s010-rep-implementation_mismatch,seeded_fault,replicator,implementation_mismatch,10,synthetic_linear,full,canonical_OLS_or_fault_variant,awk,CPU,0.0039586349998899,SUCCEEDED,runs/seeded_faults/seed_010/replicator_implementation_mismatch,3.13.5,Linux-6.18.35-x86_64-with-glibc2.41
s010-rep-environment_mismatch,seeded_fault,replicator,environment_mismatch,10,synthetic_linear,full,canonical_OLS_or_fault_variant,awk,CPU,0.0040400269999736,SUCCEEDED,runs/seeded_faults/seed_010/replicator_environment_mismatch,3.13.5,Linux-6.18.35-x86_64-with-glibc2.41
s010-rep-protocol_ambiguous,seeded_fault,replicator,protocol_ambiguous,10,synthetic_linear,full,canonical_OLS_or_fault_variant,awk,CPU,0.0037276860000474,SUCCEEDED,runs/seeded_faults/seed_010/replicator_protocol_ambiguous,3.13.5,Linux-6.18.35-x86_64-with-glibc2.41
s010-rep-hidden_contamination,seeded_fault,replicator,hidden_contamination,10,synthetic_linear,full,canonical_OLS_or_fault_variant,awk,CPU,0.0033674070000415,SUCCEEDED,runs/seeded_faults/seed_010/replicator_hidden_contamination,3.13.5,Linux-6.18.35-x86_64-with-glibc2.41
s010-proposer-shared,seeded_fault,proposer,shared_bug,10,synthetic_linear,full,canonical_OLS_or_fault_variant,awk,CPU,0.0037110999999185,SUCCEEDED,runs/seeded_faults/seed_010/proposer_shared_bug,3.13.5,Linux-6.18.35-x86_64-with-glibc2.41
s010-rep-shared_bug,seeded_fault,replicator,shared_bug,10,synthetic_linear,full,canonical_OLS_or_fault_variant,awk,CPU,0.0052332770001157,SUCCEEDED,runs/seeded_faults/seed_010/replicator_shared_bug,3.13.5,Linux-6.18.35-x86_64-with-glibc2.41
s011-proposer-clean,seeded_fault,proposer,clean,11,synthetic_linear,full,canonical_OLS_or_fault_variant,awk,CPU,0.0034027900001092,SUCCEEDED,runs/seeded_faults/seed_011/proposer_clean,3.13.5,Linux-6.18.35-x86_64-with-glibc2.41
s011-rep-clean,seeded_fault,replicator,clean,11,synthetic_linear,full,canonical_OLS_or_fault_variant,awk,CPU,0.0041963630001191,SUCCEEDED,runs/seeded_faults/seed_011/replicator_clean,3.13.5,Linux-6.18.35-x86_64-with-glibc2.41
s011-rep-data_mismatch,seeded_fault,replicator,data_mismatch,11,synthetic_linear,full,canonical_OLS_or_fault_variant,awk,CPU,0.0065945970000029,SUCCEEDED,runs/seeded_faults/seed_011/replicator_data_mismatch,3.13.5,Linux-6.18.35-x86_64-with-glibc2.41
s011-rep-metric_mismatch,seeded_fault,replicator,metric_mismatch,11,synthetic_linear,full,canonical_OLS_or_fault_variant,awk,CPU,0.0033121480000772,SUCCEEDED,runs/seeded_faults/seed_011/replicator_metric_mismatch,3.13.5,Linux-6.18.35-x86_64-with-glibc2.41
s011-rep-implementation_mismatch,seeded_fault,replicator,implementation_mismatch,11,synthetic_linear,full,canonical_OLS_or_fault_variant,awk,CPU,0.0035235069999544,SUCCEEDED,runs/seeded_faults/seed_011/replicator_implementation_mismatch,3.13.5,Linux-6.18.35-x86_64-with-glibc2.41
s011-rep-environment_mismatch,seeded_fault,replicator,environment_mismatch,11,synthetic_linear,full,canonical_OLS_or_fault_variant,awk,CPU,0.004215110999894,SUCCEEDED,runs/seeded_faults/seed_011/replicator_environment_mismatch,3.13.5,Linux-6.18.35-x86_64-with-glibc2.41
s011-rep-protocol_ambiguous,seeded_fault,replicator,protocol_ambiguous,11,synthetic_linear,full,canonical_OLS_or_fault_variant,awk,CPU,0.0037299489999895,SUCCEEDED,runs/seeded_faults/seed_011/replicator_protocol_ambiguous,3.13.5,Linux-6.18.35-x86_64-with-glibc2.41
s011-rep-hidden_contamination,seeded_fault,replicator,hidden_contamination,11,synthetic_linear,full,canonical_OLS_or_fault_variant,awk,CPU,0.0032122990000971,SUCCEEDED,runs/seeded_faults/seed_011/replicator_hidden_contamination,3.13.5,Linux-6.18.35-x86_64-with-glibc2.41
s011-proposer-shared,seeded_fault,proposer,shared_bug,11,synthetic_linear,full,canonical_OLS_or_fault_variant,awk,CPU,0.0034176080000634,SUCCEEDED,runs/seeded_faults/seed_011/proposer_shared_bug,3.13.5,Linux-6.18.35-x86_64-with-glibc2.41
s011-rep-shared_bug,seeded_fault,replicator,shared_bug,11,synthetic_linear,full,canonical_OLS_or_fault_variant,awk,CPU,0.0031435739999778,SUCCEEDED,runs/seeded_faults/seed_011/replicator_shared_bug,3.13.5,Linux-6.18.35-x86_64-with-glibc2.41
s012-proposer-clean,seeded_fault,proposer,clean,12,synthetic_linear,full,canonical_OLS_or_fault_variant,awk,CPU,0.0034287349999431,SUCCEEDED,runs/seeded_faults/seed_012/proposer_clean,3.13.5,Linux-6.18.35-x86_64-with-glibc2.41
s012-rep-clean,seeded_fault,replicator,clean,12,synthetic_linear,full,canonical_OLS_or_fault_variant,awk,CPU,0.0034328909998748,SUCCEEDED,runs/seeded_faults/seed_012/replicator_clean,3.13.5,Linux-6.18.35-x86_64-with-glibc2.41
s012-rep-data_mismatch,seeded_fault,replicator,data_mismatch,12,synthetic_linear,full,canonical_OLS_or_fault_variant,awk,CPU,0.005634973000042,SUCCEEDED,runs/seeded_faults/seed_012/replicator_data_mismatch,3.13.5,Linux-6.18.35-x86_64-with-glibc2.41
s012-rep-metric_mismatch,seeded_fault,replicator,metric_mismatch,12,synthetic_linear,full,canonical_OLS_or_fault_variant,awk,CPU,0.0033118080000349,SUCCEEDED,runs/seeded_faults/seed_012/replicator_metric_mismatch,3.13.5,Linux-6.18.35-x86_64-with-glibc2.41
s012-rep-implementation_mismatch,seeded_fault,replicator,implementation_mismatch,12,synthetic_linear,full,canonical_OLS_or_fault_variant,awk,CPU,0.0032342609999886,SUCCEEDED,runs/seeded_faults/seed_012/replicator_implementation_mismatch,3.13.5,Linux-6.18.35-x86_64-with-glibc2.41
s012-rep-environment_mismatch,seeded_fault,replicator,environment_mismatch,12,synthetic_linear,full,canonical_OLS_or_fault_variant,awk,CPU,0.0032552929999383,SUCCEEDED,runs/seeded_faults/seed_012/replicator_environment_mismatch,3.13.5,Linux-6.18.35-x86_64-with-glibc2.41
s012-rep-protocol_ambiguous,seeded_fault,replicator,protocol_ambiguous,12,synthetic_linear,full,canonical_OLS_or_fault_variant,awk,CPU,0.0048080310000386,SUCCEEDED,runs/seeded_faults/seed_012/replicator_protocol_ambiguous,3.13.5,Linux-6.18.35-x86_64-with-glibc2.41
s012-rep-hidden_contamination,seeded_fault,replicator,hidden_contamination,12,synthetic_linear,full,canonical_OLS_or_fault_variant,awk,CPU,0.0030347040001288,SUCCEEDED,runs/seeded_faults/seed_012/replicator_hidden_contamination,3.13.5,Linux-6.18.35-x86_64-with-glibc2.41
s012-proposer-shared,seeded_fault,proposer,shared_bug,12,synthetic_linear,full,canonical_OLS_or_fault_variant,awk,CPU,0.0047003629999835,SUCCEEDED,runs/seeded_faults/seed_012/proposer_shared_bug,3.13.5,Linux-6.18.35-x86_64-with-glibc2.41
s012-rep-shared_bug,seeded_fault,replicator,shared_bug,12,synthetic_linear,full,canonical_OLS_or_fault_variant,awk,CPU,0.0039351939999505,SUCCEEDED,runs/seeded_faults/seed_012/replicator_shared_bug,3.13.5,Linux-6.18.35-x86_64-with-glibc2.41
s013-proposer-clean,seeded_fault,proposer,clean,13,synthetic_linear,full,canonical_OLS_or_fault_variant,awk,CPU,0.0052254259999244,SUCCEEDED,runs/seeded_faults/seed_013/proposer_clean,3.13.5,Linux-6.18.35-x86_64-with-glibc2.41
s013-rep-clean,seeded_fault,replicator,clean,13,synthetic_linear,full,canonical_OLS_or_fault_variant,awk,CPU,0.0049592249999932,SUCCEEDED,runs/seeded_faults/seed_013/replicator_clean,3.13.5,Linux-6.18.35-x86_64-with-glibc2.41
s013-rep-data_mismatch,seeded_fault,replicator,data_mismatch,13,synthetic_linear,full,canonical_OLS_or_fault_variant,awk,CPU,0.0106629919998795,SUCCEEDED,runs/seeded_faults/seed_013/replicator_data_mismatch,3.13.5,Linux-6.18.35-x86_64-with-glibc2.41
s013-rep-metric_mismatch,seeded_fault,replicator,metric_mismatch,13,synthetic_linear,full,canonical_OLS_or_fault_variant,awk,CPU,0.0032750420000411,SUCCEEDED,runs/seeded_faults/seed_013/replicator_metric_mismatch,3.13.5,Linux-6.18.35-x86_64-with-glibc2.41
s013-rep-implementation_mismatch,seeded_fault,replicator,implementation_mismatch,13,synthetic_linear,full,canonical_OLS_or_fault_variant,awk,CPU,0.0037000530001023,SUCCEEDED,runs/seeded_faults/seed_013/replicator_implementation_mismatch,3.13.5,Linux-6.18.35-x86_64-with-glibc2.41
s013-rep-environment_mismatch,seeded_fault,replicator,environment_mismatch,13,synthetic_linear,full,canonical_OLS_or_fault_variant,awk,CPU,0.0035568980001698,SUCCEEDED,runs/seeded_faults/seed_013/replicator_environment_mismatch,3.13.5,Linux-6.18.35-x86_64-with-glibc2.41
s013-rep-protocol_ambiguous,seeded_fault,replicator,protocol_ambiguous,13,synthetic_linear,full,canonical_OLS_or_fault_variant,awk,CPU,0.0031147099998634,SUCCEEDED,runs/seeded_faults/seed_013/replicator_protocol_ambiguous,3.13.5,Linux-6.18.35-x86_64-with-glibc2.41
s013-rep-hidden_contamination,seeded_fault,replicator,hidden_contamination,13,synthetic_linear,full,canonical_OLS_or_fault_variant,awk,CPU,0.0040824210000209,SUCCEEDED,runs/seeded_faults/seed_013/replicator_hidden_contamination,3.13.5,Linux-6.18.35-x86_64-with-glibc2.41
s013-proposer-shared,seeded_fault,proposer,shared_bug,13,synthetic_linear,full,canonical_OLS_or_fault_variant,awk,CPU,0.0038054929998452,SUCCEEDED,runs/seeded_faults/seed_013/proposer_shared_bug,3.13.5,Linux-6.18.35-x86_64-with-glibc2.41
s013-rep-shared_bug,seeded_fault,replicator,shared_bug,13,synthetic_linear,full,canonical_OLS_or_fault_variant,awk,CPU,0.0045207829998616,SUCCEEDED,runs/seeded_faults/seed_013/replicator_shared_bug,3.13.5,Linux-6.18.35-x86_64-with-glibc2.41
s014-proposer-clean,seeded_fault,proposer,clean,14,synthetic_linear,full,canonical_OLS_or_fault_variant,awk,CPU,0.0037969909999446,SUCCEEDED,runs/seeded_faults/seed_014/proposer_clean,3.13.5,Linux-6.18.35-x86_64-with-glibc2.41
s014-rep-clean,seeded_fault,replicator,clean,14,synthetic_linear,full,canonical_OLS_or_fault_variant,awk,CPU,0.0032425130000319,SUCCEEDED,runs/seeded_faults/seed_014/replicator_clean,3.13.5,Linux-6.18.35-x86_64-with-glibc2.41
s014-rep-data_mismatch,seeded_fault,replicator,data_mismatch,14,synthetic_linear,full,canonical_OLS_or_fault_variant,awk,CPU,0.0083730060000561,SUCCEEDED,runs/seeded_faults/seed_014/replicator_data_mismatch,3.13.5,Linux-6.18.35-x86_64-with-glibc2.41
s014-rep-metric_mismatch,seeded_fault,replicator,metric_mismatch,14,synthetic_linear,full,canonical_OLS_or_fault_variant,awk,CPU,0.0073178740001367,SUCCEEDED,runs/seeded_faults/seed_014/replicator_metric_mismatch,3.13.5,Linux-6.18.35-x86_64-with-glibc2.41
s014-rep-implementation_mismatch,seeded_fault,replicator,implementation_mismatch,14,synthetic_linear,full,canonical_OLS_or_fault_variant,awk,CPU,0.0033022640000126,SUCCEEDED,runs/seeded_faults/seed_014/replicator_implementation_mismatch,3.13.5,Linux-6.18.35-x86_64-with-glibc2.41
s014-rep-environment_mismatch,seeded_fault,replicator,environment_mismatch,14,synthetic_linear,full,canonical_OLS_or_fault_variant,awk,CPU,0.0032855579997885,SUCCEEDED,runs/seeded_faults/seed_014/replicator_environment_mismatch,3.13.5,Linux-6.18.35-x86_64-with-glibc2.41
s014-rep-protocol_ambiguous,seeded_fault,replicator,protocol_ambiguous,14,synthetic_linear,full,canonical_OLS_or_fault_variant,awk,CPU,0.0038659940000798,SUCCEEDED,runs/seeded_faults/seed_014/replicator_protocol_ambiguous,3.13.5,Linux-6.18.35-x86_64-with-glibc2.41
s014-rep-hidden_contamination,seeded_fault,replicator,hidden_contamination,14,synthetic_linear,full,canonical_OLS_or_fault_variant,awk,CPU,0.003752243000008,SUCCEEDED,runs/seeded_faults/seed_014/replicator_hidden_contamination,3.13.5,Linux-6.18.35-x86_64-with-glibc2.41
s014-proposer-shared,seeded_fault,proposer,shared_bug,14,synthetic_linear,full,canonical_OLS_or_fault_variant,awk,CPU,0.0057208539999464,SUCCEEDED,runs/seeded_faults/seed_014/proposer_shared_bug,3.13.5,Linux-6.18.35-x86_64-with-glibc2.41
s014-rep-shared_bug,seeded_fault,replicator,shared_bug,14,synthetic_linear,full,canonical_OLS_or_fault_variant,awk,CPU,0.0036351759999888,SUCCEEDED,runs/seeded_faults/seed_014/replicator_shared_bug,3.13.5,Linux-6.18.35-x86_64-with-glibc2.41
s015-proposer-clean,seeded_fault,proposer,clean,15,synthetic_linear,full,canonical_OLS_or_fault_variant,awk,CPU,0.0036510659999748,SUCCEEDED,runs/seeded_faults/seed_015/proposer_clean,3.13.5,Linux-6.18.35-x86_64-with-glibc2.41
s015-rep-clean,seeded_fault,replicator,clean,15,synthetic_linear,full,canonical_OLS_or_fault_variant,awk,CPU,0.0049822880000647,SUCCEEDED,runs/seeded_faults/seed_015/replicator_clean,3.13.5,Linux-6.18.35-x86_64-with-glibc2.41
s015-rep-data_mismatch,seeded_fault,replicator,data_mismatch,15,synthetic_linear,full,canonical_OLS_or_fault_variant,awk,CPU,0.0061404760001551,SUCCEEDED,runs/seeded_faults/seed_015/replicator_data_mismatch,3.13.5,Linux-6.18.35-x86_64-with-glibc2.41
s015-rep-metric_mismatch,seeded_fault,replicator,metric_mismatch,15,synthetic_linear,full,canonical_OLS_or_fault_variant,awk,CPU,0.0035438190000149,SUCCEEDED,runs/seeded_faults/seed_015/replicator_metric_mismatch,3.13.5,Linux-6.18.35-x86_64-with-glibc2.41
s015-rep-implementation_mismatch,seeded_fault,replicator,implementation_mismatch,15,synthetic_linear,full,canonical_OLS_or_fault_variant,awk,CPU,0.003462034999984,SUCCEEDED,runs/seeded_faults/seed_015/replicator_implementation_mismatch,3.13.5,Linux-6.18.35-x86_64-with-glibc2.41
s015-rep-environment_mismatch,seeded_fault,replicator,environment_mismatch,15,synthetic_linear,full,canonical_OLS_or_fault_variant,awk,CPU,0.0032378469998093,SUCCEEDED,runs/seeded_faults/seed_015/replicator_environment_mismatch,3.13.5,Linux-6.18.35-x86_64-with-glibc2.41
s015-rep-protocol_ambiguous,seeded_fault,replicator,protocol_ambiguous,15,synthetic_linear,full,canonical_OLS_or_fault_variant,awk,CPU,0.0032859300001746,SUCCEEDED,runs/seeded_faults/seed_015/replicator_protocol_ambiguous,3.13.5,Linux-6.18.35-x86_64-with-glibc2.41
s015-rep-hidden_contamination,seeded_fault,replicator,hidden_contamination,15,synthetic_linear,full,canonical_OLS_or_fault_variant,awk,CPU,0.0039136070001859,SUCCEEDED,runs/seeded_faults/seed_015/replicator_hidden_contamination,3.13.5,Linux-6.18.35-x86_64-with-glibc2.41
s015-proposer-shared,seeded_fault,proposer,shared_bug,15,synthetic_linear,full,canonical_OLS_or_fault_variant,awk,CPU,0.0035925009999573,SUCCEEDED,runs/seeded_faults/seed_015/proposer_shared_bug,3.13.5,Linux-6.18.35-x86_64-with-glibc2.41
s015-rep-shared_bug,seeded_fault,replicator,shared_bug,15,synthetic_linear,full,canonical_OLS_or_fault_variant,awk,CPU,0.0037527039999076,SUCCEEDED,runs/seeded_faults/seed_015/replicator_shared_bug,3.13.5,Linux-6.18.35-x86_64-with-glibc2.41
s016-proposer-clean,seeded_fault,proposer,clean,16,synthetic_linear,full,canonical_OLS_or_fault_variant,awk,CPU,0.0035978039998099,SUCCEEDED,runs/seeded_faults/seed_016/proposer_clean,3.13.5,Linux-6.18.35-x86_64-with-glibc2.41
s016-rep-clean,seeded_fault,replicator,clean,16,synthetic_linear,full,canonical_OLS_or_fault_variant,awk,CPU,0.0030693220001012,SUCCEEDED,runs/seeded_faults/seed_016/replicator_clean,3.13.5,Linux-6.18.35-x86_64-with-glibc2.41
s016-rep-data_mismatch,seeded_fault,replicator,data_mismatch,16,synthetic_linear,full,canonical_OLS_or_fault_variant,awk,CPU,0.0083815489999778,SUCCEEDED,runs/seeded_faults/seed_016/replicator_data_mismatch,3.13.5,Linux-6.18.35-x86_64-with-glibc2.41
s016-rep-metric_mismatch,seeded_fault,replicator,metric_mismatch,16,synthetic_linear,full,canonical_OLS_or_fault_variant,awk,CPU,0.0039317929999924,SUCCEEDED,runs/seeded_faults/seed_016/replicator_metric_mismatch,3.13.5,Linux-6.18.35-x86_64-with-glibc2.41
s016-rep-implementation_mismatch,seeded_fault,replicator,implementation_mismatch,16,synthetic_linear,full,canonical_OLS_or_fault_variant,awk,CPU,0.0035391509998135,SUCCEEDED,runs/seeded_faults/seed_016/replicator_implementation_mismatch,3.13.5,Linux-6.18.35-x86_64-with-glibc2.41
s016-rep-environment_mismatch,seeded_fault,replicator,environment_mismatch,16,synthetic_linear,full,canonical_OLS_or_fault_variant,awk,CPU,0.0038015669999822,SUCCEEDED,runs/seeded_faults/seed_016/replicator_environment_mismatch,3.13.5,Linux-6.18.35-x86_64-with-glibc2.41
s016-rep-protocol_ambiguous,seeded_fault,replicator,protocol_ambiguous,16,synthetic_linear,full,canonical_OLS_or_fault_variant,awk,CPU,0.0037546160001511,SUCCEEDED,runs/seeded_faults/seed_016/replicator_protocol_ambiguous,3.13.5,Linux-6.18.35-x86_64-with-glibc2.41
s016-rep-hidden_contamination,seeded_fault,replicator,hidden_contamination,16,synthetic_linear,full,canonical_OLS_or_fault_variant,awk,CPU,0.0035540940000373,SUCCEEDED,runs/seeded_faults/seed_016/replicator_hidden_contamination,3.13.5,Linux-6.18.35-x86_64-with-glibc2.41
s016-proposer-shared,seeded_fault,proposer,shared_bug,16,synthetic_linear,full,canonical_OLS_or_fault_variant,awk,CPU,0.0047616209999432,SUCCEEDED,runs/seeded_faults/seed_016/proposer_shared_bug,3.13.5,Linux-6.18.35-x86_64-with-glibc2.41
s016-rep-shared_bug,seeded_fault,replicator,shared_bug,16,synthetic_linear,full,canonical_OLS_or_fault_variant,awk,CPU,0.00668661099985,SUCCEEDED,runs/seeded_faults/seed_016/replicator_shared_bug,3.13.5,Linux-6.18.35-x86_64-with-glibc2.41
s017-proposer-clean,seeded_fault,proposer,clean,17,synthetic_linear,full,canonical_OLS_or_fault_variant,awk,CPU,0.0037554770001406,SUCCEEDED,runs/seeded_faults/seed_017/proposer_clean,3.13.5,Linux-6.18.35-x86_64-with-glibc2.41
s017-rep-clean,seeded_fault,replicator,clean,17,synthetic_linear,full,canonical_OLS_or_fault_variant,awk,CPU,0.0035808039999665,SUCCEEDED,runs/seeded_faults/seed_017/replicator_clean,3.13.5,Linux-6.18.35-x86_64-with-glibc2.41
s017-rep-data_mismatch,seeded_fault,replicator,data_mismatch,17,synthetic_linear,full,canonical_OLS_or_fault_variant,awk,CPU,0.0063562220000221,SUCCEEDED,runs/seeded_faults/seed_017/replicator_data_mismatch,3.13.5,Linux-6.18.35-x86_64-with-glibc2.41
s017-rep-metric_mismatch,seeded_fault,replicator,metric_mismatch,17,synthetic_linear,full,canonical_OLS_or_fault_variant,awk,CPU,0.0079469339998468,SUCCEEDED,runs/seeded_faults/seed_017/replicator_metric_mismatch,3.13.5,Linux-6.18.35-x86_64-with-glibc2.41
s017-rep-implementation_mismatch,seeded_fault,replicator,implementation_mismatch,17,synthetic_linear,full,canonical_OLS_or_fault_variant,awk,CPU,0.0040148890000182,SUCCEEDED,runs/seeded_faults/seed_017/replicator_implementation_mismatch,3.13.5,Linux-6.18.35-x86_64-with-glibc2.41
s017-rep-environment_mismatch,seeded_fault,replicator,environment_mismatch,17,synthetic_linear,full,canonical_OLS_or_fault_variant,awk,CPU,0.0047747659998549,SUCCEEDED,runs/seeded_faults/seed_017/replicator_environment_mismatch,3.13.5,Linux-6.18.35-x86_64-with-glibc2.41
s017-rep-protocol_ambiguous,seeded_fault,replicator,protocol_ambiguous,17,synthetic_linear,full,canonical_OLS_or_fault_variant,awk,CPU,0.0061425599999438,SUCCEEDED,runs/seeded_faults/seed_017/replicator_protocol_ambiguous,3.13.5,Linux-6.18.35-x86_64-with-glibc2.41
s017-rep-hidden_contamination,seeded_fault,replicator,hidden_contamination,17,synthetic_linear,full,canonical_OLS_or_fault_variant,awk,CPU,0.0042596279999997,SUCCEEDED,runs/seeded_faults/seed_017/replicator_hidden_contamination,3.13.5,Linux-6.18.35-x86_64-with-glibc2.41
s017-proposer-shared,seeded_fault,proposer,shared_bug,17,synthetic_linear,full,canonical_OLS_or_fault_variant,awk,CPU,0.0052626530000452,SUCCEEDED,runs/seeded_faults/seed_017/proposer_shared_bug,3.13.5,Linux-6.18.35-x86_64-with-glibc2.41
s017-rep-shared_bug,seeded_fault,replicator,shared_bug,17,synthetic_linear,full,canonical_OLS_or_fault_variant,awk,CPU,0.0041213889999198,SUCCEEDED,runs/seeded_faults/seed_017/replicator_shared_bug,3.13.5,Linux-6.18.35-x86_64-with-glibc2.41
s018-proposer-clean,seeded_fault,proposer,clean,18,synthetic_linear,full,canonical_OLS_or_fault_variant,awk,CPU,0.0039544580001802,SUCCEEDED,runs/seeded_faults/seed_018/proposer_clean,3.13.5,Linux-6.18.35-x86_64-with-glibc2.41
s018-rep-clean,seeded_fault,replicator,clean,18,synthetic_linear,full,canonical_OLS_or_fault_variant,awk,CPU,0.0044482230000539,SUCCEEDED,runs/seeded_faults/seed_018/replicator_clean,3.13.5,Linux-6.18.35-x86_64-with-glibc2.41
s018-rep-data_mismatch,seeded_fault,replicator,data_mismatch,18,synthetic_linear,full,canonical_OLS_or_fault_variant,awk,CPU,0.0069265739998627,SUCCEEDED,runs/seeded_faults/seed_018/replicator_data_mismatch,3.13.5,Linux-6.18.35-x86_64-with-glibc2.41
s018-rep-metric_mismatch,seeded_fault,replicator,metric_mismatch,18,synthetic_linear,full,canonical_OLS_or_fault_variant,awk,CPU,0.0033597999999983,SUCCEEDED,runs/seeded_faults/seed_018/replicator_metric_mismatch,3.13.5,Linux-6.18.35-x86_64-with-glibc2.41
s018-rep-implementation_mismatch,seeded_fault,replicator,implementation_mismatch,18,synthetic_linear,full,canonical_OLS_or_fault_variant,awk,CPU,0.0034128499999042,SUCCEEDED,runs/seeded_faults/seed_018/replicator_implementation_mismatch,3.13.5,Linux-6.18.35-x86_64-with-glibc2.41
s018-rep-environment_mismatch,seeded_fault,replicator,environment_mismatch,18,synthetic_linear,full,canonical_OLS_or_fault_variant,awk,CPU,0.0036048110000592,SUCCEEDED,runs/seeded_faults/seed_018/replicator_environment_mismatch,3.13.5,Linux-6.18.35-x86_64-with-glibc2.41
s018-rep-protocol_ambiguous,seeded_fault,replicator,protocol_ambiguous,18,synthetic_linear,full,canonical_OLS_or_fault_variant,awk,CPU,0.0034443880001617,SUCCEEDED,runs/seeded_faults/seed_018/replicator_protocol_ambiguous,3.13.5,Linux-6.18.35-x86_64-with-glibc2.41
s018-rep-hidden_contamination,seeded_fault,replicator,hidden_contamination,18,synthetic_linear,full,canonical_OLS_or_fault_variant,awk,CPU,0.0034543229999144,SUCCEEDED,runs/seeded_faults/seed_018/replicator_hidden_contamination,3.13.5,Linux-6.18.35-x86_64-with-glibc2.41
s018-proposer-shared,seeded_fault,proposer,shared_bug,18,synthetic_linear,full,canonical_OLS_or_fault_variant,awk,CPU,0.0034235870000429,SUCCEEDED,runs/seeded_faults/seed_018/proposer_shared_bug,3.13.5,Linux-6.18.35-x86_64-with-glibc2.41
s018-rep-shared_bug,seeded_fault,replicator,shared_bug,18,synthetic_linear,full,canonical_OLS_or_fault_variant,awk,CPU,0.0033812030001172,SUCCEEDED,runs/seeded_faults/seed_018/replicator_shared_bug,3.13.5,Linux-6.18.35-x86_64-with-glibc2.41
s019-proposer-clean,seeded_fault,proposer,clean,19,synthetic_linear,full,canonical_OLS_or_fault_variant,awk,CPU,0.003523116999986,SUCCEEDED,runs/seeded_faults/seed_019/proposer_clean,3.13.5,Linux-6.18.35-x86_64-with-glibc2.41
s019-rep-clean,seeded_fault,replicator,clean,19,synthetic_linear,full,canonical_OLS_or_fault_variant,awk,CPU,0.003657209000039,SUCCEEDED,runs/seeded_faults/seed_019/replicator_clean,3.13.5,Linux-6.18.35-x86_64-with-glibc2.41
s019-rep-data_mismatch,seeded_fault,replicator,data_mismatch,19,synthetic_linear,full,canonical_OLS_or_fault_variant,awk,CPU,0.0065976869998394,SUCCEEDED,runs/seeded_faults/seed_019/replicator_data_mismatch,3.13.5,Linux-6.18.35-x86_64-with-glibc2.41
s019-rep-metric_mismatch,seeded_fault,replicator,metric_mismatch,19,synthetic_linear,full,canonical_OLS_or_fault_variant,awk,CPU,0.0036892580001222,SUCCEEDED,runs/seeded_faults/seed_019/replicator_metric_mismatch,3.13.5,Linux-6.18.35-x86_64-with-glibc2.41
s019-rep-implementation_mismatch,seeded_fault,replicator,implementation_mismatch,19,synthetic_linear,full,canonical_OLS_or_fault_variant,awk,CPU,0.0036724920000779,SUCCEEDED,runs/seeded_faults/seed_019/replicator_implementation_mismatch,3.13.5,Linux-6.18.35-x86_64-with-glibc2.41
s019-rep-environment_mismatch,seeded_fault,replicator,environment_mismatch,19,synthetic_linear,full,canonical_OLS_or_fault_variant,awk,CPU,0.0038612270000157,SUCCEEDED,runs/seeded_faults/seed_019/replicator_environment_mismatch,3.13.5,Linux-6.18.35-x86_64-with-glibc2.41
s019-rep-protocol_ambiguous,seeded_fault,replicator,protocol_ambiguous,19,synthetic_linear,full,canonical_OLS_or_fault_variant,awk,CPU,0.0033763459998681,SUCCEEDED,runs/seeded_faults/seed_019/replicator_protocol_ambiguous,3.13.5,Linux-6.18.35-x86_64-with-glibc2.41
s019-rep-hidden_contamination,seeded_fault,replicator,hidden_contamination,19,synthetic_linear,full,canonical_OLS_or_fault_variant,awk,CPU,0.003572159999976,SUCCEEDED,runs/seeded_faults/seed_019/replicator_hidden_contamination,3.13.5,Linux-6.18.35-x86_64-with-glibc2.41
s019-proposer-shared,seeded_fault,proposer,shared_bug,19,synthetic_linear,full,canonical_OLS_or_fault_variant,awk,CPU,0.0038676659999055,SUCCEEDED,runs/seeded_faults/seed_019/proposer_shared_bug,3.13.5,Linux-6.18.35-x86_64-with-glibc2.41
s019-rep-shared_bug,seeded_fault,replicator,shared_bug,19,synthetic_linear,full,canonical_OLS_or_fault_variant,awk,CPU,0.0034771470000123,SUCCEEDED,runs/seeded_faults/seed_019/replicator_shared_bug,3.13.5,Linux-6.18.35-x86_64-with-glibc2.41
wdbc-101-proposer,public_case,proposer,cross_implementation,101,WDBC_sklearn,stratified_75_25_seed_101,sklearn_lbfgs,python,CPU,0.0049287679998997,SUCCEEDED,runs/public_case/wdbc-101/proposer,3.13.5,Linux-6.18.35-x86_64-with-glibc2.41
wdbc-101-replicator,public_case,replicator,cross_implementation,101,WDBC_sklearn,stratified_75_25_seed_101,numpy_batch_gd,python,CPU,0.1495270979999077,SUCCEEDED,runs/public_case/wdbc-101/replicator,3.13.5,Linux-6.18.35-x86_64-with-glibc2.41
wdbc-211-proposer,public_case,proposer,cross_implementation,211,WDBC_sklearn,stratified_75_25_seed_211,sklearn_lbfgs,python,CPU,0.0035588910000114,SUCCEEDED,runs/public_case/wdbc-211/proposer,3.13.5,Linux-6.18.35-x86_64-with-glibc2.41
wdbc-211-replicator,public_case,replicator,cross_implementation,211,WDBC_sklearn,stratified_75_25_seed_211,numpy_batch_gd,python,CPU,0.1525715430000218,SUCCEEDED,runs/public_case/wdbc-211/replicator,3.13.5,Linux-6.18.35-x86_64-with-glibc2.41
wdbc-307-proposer,public_case,proposer,cross_implementation,307,WDBC_sklearn,stratified_75_25_seed_307,sklearn_lbfgs,python,CPU,0.003153248999979,SUCCEEDED,runs/public_case/wdbc-307/proposer,3.13.5,Linux-6.18.35-x86_64-with-glibc2.41
wdbc-307-replicator,public_case,replicator,cross_implementation,307,WDBC_sklearn,stratified_75_25_seed_307,numpy_batch_gd,python,CPU,0.1628849670000818,SUCCEEDED,runs/public_case/wdbc-307/replicator,3.13.5,Linux-6.18.35-x86_64-with-glibc2.41
wdbc-401-proposer,public_case,proposer,cross_implementation,401,WDBC_sklearn,stratified_75_25_seed_401,sklearn_lbfgs,python,CPU,0.0048009149998051,SUCCEEDED,runs/public_case/wdbc-401/proposer,3.13.5,Linux-6.18.35-x86_64-with-glibc2.41
wdbc-401-replicator,public_case,replicator,cross_implementation,401,WDBC_sklearn,stratified_75_25_seed_401,numpy_batch_gd,python,CPU,0.1642125099999702,SUCCEEDED,runs/public_case/wdbc-401/replicator,3.13.5,Linux-6.18.35-x86_64-with-glibc2.41
wdbc-503-proposer,public_case,proposer,cross_implementation,503,WDBC_sklearn,stratified_75_25_seed_503,sklearn_lbfgs,python,CPU,0.0064582170000448,SUCCEEDED,runs/public_case/wdbc-503/proposer,3.13.5,Linux-6.18.35-x86_64-with-glibc2.41
wdbc-503-replicator,public_case,replicator,cross_implementation,503,WDBC_sklearn,stratified_75_25_seed_503,numpy_batch_gd,python,CPU,0.168390706000082,SUCCEEDED,runs/public_case/wdbc-503/replicator,3.13.5,Linux-6.18.35-x86_64-with-glibc2.41
wdbc-601-proposer,public_case,proposer,cross_implementation,601,WDBC_sklearn,stratified_75_25_seed_601,sklearn_lbfgs,python,CPU,0.0037910710000232,SUCCEEDED,runs/public_case/wdbc-601/proposer,3.13.5,Linux-6.18.35-x86_64-with-glibc2.41
wdbc-601-replicator,public_case,replicator,cross_implementation,601,WDBC_sklearn,stratified_75_25_seed_601,numpy_batch_gd,python,CPU,0.1764132519999748,SUCCEEDED,runs/public_case/wdbc-601/replicator,3.13.5,Linux-6.18.35-x86_64-with-glibc2.41
wdbc-701-proposer,public_case,proposer,cross_implementation,701,WDBC_sklearn,stratified_75_25_seed_701,sklearn_lbfgs,python,CPU,0.0049500800000714,SUCCEEDED,runs/public_case/wdbc-701/proposer,3.13.5,Linux-6.18.35-x86_64-with-glibc2.41
wdbc-701-replicator,public_case,replicator,cross_implementation,701,WDBC_sklearn,stratified_75_25_seed_701,numpy_batch_gd,python,CPU,0.1362324950000584,SUCCEEDED,runs/public_case/wdbc-701/replicator,3.13.5,Linux-6.18.35-x86_64-with-glibc2.41
wdbc-809-proposer,public_case,proposer,cross_implementation,809,WDBC_sklearn,stratified_75_25_seed_809,sklearn_lbfgs,python,CPU,0.0036441589998048,SUCCEEDED,runs/public_case/wdbc-809/proposer,3.13.5,Linux-6.18.35-x86_64-with-glibc2.41
wdbc-809-replicator,public_case,replicator,cross_implementation,809,WDBC_sklearn,stratified_75_25_seed_809,numpy_batch_gd,python,CPU,0.1429996869999286,SUCCEEDED,runs/public_case/wdbc-809/replicator,3.13.5,Linux-6.18.35-x86_64-with-glibc2.41
wdbc-907-proposer,public_case,proposer,cross_implementation,907,WDBC_sklearn,stratified_75_25_seed_907,sklearn_lbfgs,python,CPU,0.0026479369998924,SUCCEEDED,runs/public_case/wdbc-907/proposer,3.13.5,Linux-6.18.35-x86_64-with-glibc2.41
wdbc-907-replicator,public_case,replicator,cross_implementation,907,WDBC_sklearn,stratified_75_25_seed_907,numpy_batch_gd,python,CPU,0.1248168740000892,SUCCEEDED,runs/public_case/wdbc-907/replicator,3.13.5,Linux-6.18.35-x86_64-with-glibc2.41
wdbc-1009-proposer,public_case,proposer,cross_implementation,1009,WDBC_sklearn,stratified_75_25_seed_1009,sklearn_lbfgs,python,CPU,0.003358548000051,SUCCEEDED,runs/public_case/wdbc-1009/proposer,3.13.5,Linux-6.18.35-x86_64-with-glibc2.41
wdbc-1009-replicator,public_case,replicator,cross_implementation,1009,WDBC_sklearn,stratified_75_25_seed_1009,numpy_batch_gd,python,CPU,0.1399571580000156,SUCCEEDED,runs/public_case/wdbc-1009/replicator,3.13.5,Linux-6.18.35-x86_64-with-glibc2.41
